Feature,Mean Absolute SHAP
V14,0.000527375
V4,0.00032725000000000007
V12,0.00032500000000000015
V11,0.00021824999999999997
V10,0.00012824999999999997
V3,8.8625e-05
V1,7.962499999999997e-05
V16,5.7999999999999994e-05
V7,5.674999999999998e-05
V8,3.4124999999999996e-05
V28,2.7374999999999998e-05
V21,1.6875e-05
Amount,1.6749999999999997e-05
V17,1.4750000000000003e-05
V5,1.4500000000000005e-05
V18,1.3249999999999999e-05
V6,1.275e-05
V19,1.2250000000000003e-05
V23,1.1625e-05
V22,1.1250000000000002e-05
V26,1.0375000000000001e-05
V15,1.0000000000000003e-05
V2,9e-06
V25,8.875000000000006e-06
V27,8.374999999999997e-06
V9,6.874999999999998e-06
V24,6.375000000000004e-06
V20,3.875000000000001e-06
V13,2.6250000000000007e-06
Time,0.0
